/*
SQLyog 企业版 - MySQL GUI v7.14 
MySQL - 5.5.48-log : Database - yxf
*********************************************************************
*/

/*!40101 SET NAMES utf8 */;

/*!40101 SET SQL_MODE=''*/;

/*!40014 SET @OLD_FOREIGN_KEY_CHECKS=@@FOREIGN_KEY_CHECKS, FOREIGN_KEY_CHECKS=0 */;
/*!40101 SET @OLD_SQL_MODE=@@SQL_MODE, SQL_MODE='NO_AUTO_VALUE_ON_ZERO' */;

CREATE DATABASE /*!32312 IF NOT EXISTS*/`yxf` /*!40100 DEFAULT CHARACTER SET utf8 */;

USE `yxf`;

/*Table structure for table `detail` */

DROP TABLE IF EXISTS `detail`;

CREATE TABLE `detail` (
  `id` int(11) NOT NULL AUTO_INCREMENT,
  `orderid` tinytext,
  `goodid` int(11) DEFAULT NULL,
  `name` varchar(32) DEFAULT NULL,
  `price` double(6,2) DEFAULT NULL,
  `num` int(11) DEFAULT NULL,
  PRIMARY KEY (`id`)
) ENGINE=InnoDB AUTO_INCREMENT=329 DEFAULT CHARSET=utf8;

/*Data for the table `detail` */

insert  into `detail`(`id`,`orderid`,`goodid`,`name`,`price`,`num`) values (90,'15086370653511115',20,'小睡裙',46.00,1),(91,'15086370653511115',23,'朵唯',998.00,2),(92,'15086370653511115',20,'小睡裙',46.00,1),(93,'15086370653511115',23,'朵唯',998.00,2),(182,'15086373413511115',20,'小睡裙',46.00,1),(183,'15086373713511115',20,'小睡裙',46.00,1),(184,'15086374073511115',20,'小睡裙',46.00,1),(185,'15086374113511115',20,'小睡裙',46.00,1),(186,'15086374123511115',20,'小睡裙',46.00,1),(187,'15086374653511115',20,'小睡裙',46.00,1),(188,'15086375093511115',15,'oppo',2566.00,1),(189,'15086375093511115',15,'oppo',2566.00,1),(190,'15086377393511115',15,'oppo',2566.00,1),(191,'15086378443511115',16,'照相机',1230.00,1),(192,'15086378443511115',16,'照相机',1230.00,1),(193,'15086379633511115',15,'oppo',2566.00,1),(194,'15086379633511115',15,'oppo',2566.00,1),(195,'15086379653511115',15,'oppo',2566.00,1),(196,'15086380233511115',15,'oppo',2566.00,1),(197,'15086380233511115',15,'oppo',2566.00,1),(198,'15086381113511115',15,'oppo',2566.00,1),(199,'15086381113511115',15,'oppo',2566.00,1),(200,'15086381113511115',15,'oppo',2566.00,1),(201,'15086381113511115',15,'oppo',2566.00,1),(202,'15086381113511115',15,'oppo',2566.00,1),(203,'15086381113511115',15,'oppo',2566.00,1),(204,'15086381113511115',15,'oppo',2566.00,1),(205,'15086381113511115',15,'oppo',2566.00,1),(206,'15086381113511115',15,'oppo',2566.00,1),(207,'15086381123511115',15,'oppo',2566.00,1),(208,'15086381123511115',15,'oppo',2566.00,1),(209,'15086381123511115',15,'oppo',2566.00,1),(210,'15086381123511115',15,'oppo',2566.00,1),(211,'15086381123511115',15,'oppo',2566.00,1),(212,'15086381123511115',15,'oppo',2566.00,1),(213,'15086381123511115',15,'oppo',2566.00,1),(214,'15086381123511115',15,'oppo',2566.00,1),(215,'15086381123511115',15,'oppo',2566.00,1),(216,'15086381123511115',15,'oppo',2566.00,1),(217,'15086381123511115',15,'oppo',2566.00,1),(218,'15086381133511115',15,'oppo',2566.00,1),(219,'15086381133511115',15,'oppo',2566.00,1),(220,'15086381133511115',15,'oppo',2566.00,1),(221,'15086381133511115',15,'oppo',2566.00,1),(222,'15086381133511115',15,'oppo',2566.00,1),(223,'15086381133511115',15,'oppo',2566.00,1),(224,'15086381133511115',15,'oppo',2566.00,1),(225,'15086381133511115',15,'oppo',2566.00,1),(226,'15086381133511115',15,'oppo',2566.00,1),(227,'15086381133511115',15,'oppo',2566.00,1),(228,'15086381143511115',15,'oppo',2566.00,1),(229,'15086381143511115',15,'oppo',2566.00,1),(230,'15086381143511115',15,'oppo',2566.00,1),(231,'15086381143511115',15,'oppo',2566.00,1),(232,'15086381143511115',15,'oppo',2566.00,1),(233,'15086381143511115',15,'oppo',2566.00,1),(234,'15086381143511115',15,'oppo',2566.00,1),(235,'15086381143511115',15,'oppo',2566.00,1),(236,'15086381143511115',15,'oppo',2566.00,1),(237,'15086381143511115',15,'oppo',2566.00,1),(238,'15086381143511115',15,'oppo',2566.00,1),(239,'15086381153511115',15,'oppo',2566.00,1),(240,'15086382573511115',15,'oppo',2566.00,1),(241,'15086382573511115',15,'oppo',2566.00,1),(242,'15086382573511115',15,'oppo',2566.00,1),(243,'15086382573511115',15,'oppo',2566.00,1),(244,'15086382573511115',15,'oppo',2566.00,1),(245,'15086382573511115',15,'oppo',2566.00,1),(246,'15086382573511115',15,'oppo',2566.00,1),(247,'15086382573511115',15,'oppo',2566.00,1),(248,'15086382583511115',15,'oppo',2566.00,1),(249,'15086382583511115',15,'oppo',2566.00,1),(250,'15086382583511115',15,'oppo',2566.00,1),(251,'15086382583511115',15,'oppo',2566.00,1),(252,'15086382583511115',15,'oppo',2566.00,1),(253,'15086382583511115',15,'oppo',2566.00,1),(254,'15086382583511115',15,'oppo',2566.00,1),(255,'15086382583511115',15,'oppo',2566.00,1),(256,'15086382583511115',15,'oppo',2566.00,1),(257,'15086382583511115',15,'oppo',2566.00,1),(258,'15086382583511115',15,'oppo',2566.00,1),(259,'15086382583511115',15,'oppo',2566.00,1),(260,'15086382583511115',15,'oppo',2566.00,1),(261,'15086382593511115',15,'oppo',2566.00,1),(262,'15086382593511115',15,'oppo',2566.00,1),(263,'15086382593511115',15,'oppo',2566.00,1),(264,'15086382593511115',15,'oppo',2566.00,1),(265,'15086382593511115',15,'oppo',2566.00,1),(266,'15086382593511115',15,'oppo',2566.00,1),(267,'15086382593511115',15,'oppo',2566.00,1),(268,'15086382593511115',15,'oppo',2566.00,1),(269,'15086382593511115',15,'oppo',2566.00,1),(270,'15086382593511115',15,'oppo',2566.00,1),(271,'15086382593511115',15,'oppo',2566.00,1),(272,'15086382593511115',15,'oppo',2566.00,1),(273,'15086382593511115',15,'oppo',2566.00,1),(274,'15086382603511115',15,'oppo',2566.00,1),(275,'15086382603511115',15,'oppo',2566.00,1),(276,'15086382603511115',15,'oppo',2566.00,1),(277,'15086382603511115',15,'oppo',2566.00,1),(278,'15086382603511115',15,'oppo',2566.00,1),(279,'15086382603511115',15,'oppo',2566.00,1),(280,'15086382603511115',15,'oppo',2566.00,1),(281,'15086382603511115',15,'oppo',2566.00,1),(282,'15086382653511115',15,'oppo',2566.00,1),(283,'15086382653511115',15,'oppo',2566.00,1),(284,'15086382653511115',15,'oppo',2566.00,1),(285,'15086382653511115',15,'oppo',2566.00,1),(286,'15086382653511115',15,'oppo',2566.00,1),(287,'15086382663511115',15,'oppo',2566.00,1),(288,'15086382663511115',15,'oppo',2566.00,1),(289,'15086382663511115',15,'oppo',2566.00,1),(290,'15086382663511115',15,'oppo',2566.00,1),(291,'15086382663511115',15,'oppo',2566.00,1),(292,'15086382663511115',15,'oppo',2566.00,1),(293,'15086382673511115',15,'oppo',2566.00,1),(294,'15086382673511115',15,'oppo',2566.00,1),(295,'15086382673511115',15,'oppo',2566.00,1),(296,'15086382673511115',15,'oppo',2566.00,1),(297,'15086382673511115',15,'oppo',2566.00,1),(298,'15086382673511115',15,'oppo',2566.00,1),(299,'15086382673511115',15,'oppo',2566.00,1),(300,'15086382673511115',15,'oppo',2566.00,1),(301,'15086382673511115',15,'oppo',2566.00,1),(302,'15086382673511115',15,'oppo',2566.00,1),(303,'15086383133511115',15,'oppo',2566.00,1),(304,'15086383973511115',23,'朵唯',998.00,1),(305,'15086384463511115',25,'戴尔',3992.00,2),(306,'15086384693511115',20,'小睡裙',46.00,1),(307,'15086391733511115',20,'小睡裙',46.00,1),(308,'15086396463511115',16,'照相机',1230.00,1),(309,'15086399413511115',21,'外星人笔记本',9998.00,1),(310,'15086399413511115',25,'戴尔',3992.00,1),(311,'15086439973511115',30,'橘子',26.00,2),(312,'15086439973511115',19,'长裙',123.00,1),(313,'15086463693511115',16,'照相机',1230.00,1),(314,'15086507593511115',23,'朵唯',998.00,1),(315,'15086656273511115',16,'照相机',1230.00,1),(316,'15086656273511115',20,'小睡裙',46.00,1),(317,'15086890143511115',16,'照相机',1230.00,2),(318,'15086890553511115',16,'照相机',1230.00,2),(319,'15086891683511115',15,'oppo',2566.00,1),(320,'15087025363511115',25,'戴尔',3992.00,3),(321,'15087025753511115',20,'小睡裙',46.00,1),(322,'15087027743511115',20,'小睡裙',46.00,1),(323,'15087027893511115',25,'戴尔',3992.00,1),(324,'15087067523511115',24,'baby',65.00,1),(325,'15087071063511115',31,'123',97.00,1),(326,'15087079833511115',31,'123',97.00,1),(327,'15087080243511115',30,'橘子',26.00,1),(328,'15087080243511115',23,'朵唯',998.00,1);

/*Table structure for table `goods` */

DROP TABLE IF EXISTS `goods`;

CREATE TABLE `goods` (
  `id` int(11) NOT NULL AUTO_INCREMENT,
  `typeid` int(11) DEFAULT NULL,
  `goods` varchar(32) DEFAULT NULL,
  `company` varchar(50) DEFAULT NULL,
  `descr` text,
  `price` double(6,2) DEFAULT NULL,
  `picname` varchar(255) DEFAULT NULL,
  `state` tinyint(1) DEFAULT '1',
  `store` int(11) DEFAULT '0',
  `num` int(11) DEFAULT '0',
  `clicknum` int(11) DEFAULT '0',
  `addtime` int(11) DEFAULT NULL,
  PRIMARY KEY (`id`),
  KEY `FK_goods` (`typeid`),
  CONSTRAINT `FK_goods` FOREIGN KEY (`typeid`) REFERENCES `type` (`id`)
) ENGINE=InnoDB AUTO_INCREMENT=32 DEFAULT CHARSET=utf8;

/*Data for the table `goods` */

insert  into `goods`(`id`,`typeid`,`goods`,`company`,`descr`,`price`,`picname`,`state`,`store`,`num`,`clicknum`,`addtime`) values (14,22,'苹果','中国富士康','                    好用',5998.00,'1508322380.781372.jpg',1,56,0,2,1508322380),(15,22,'oppo','oppo','            便宜        ',2566.00,'1508322420.0616403.jpg',1,800,0,10,1508322420),(16,21,'照相机','不知道','                    456',1230.00,'1508322457.6109002.jpg',1,1000,0,25,1508322457),(18,22,'金立','金立','                    老男人用的手机',998.00,'1508322551.8147233.jpg',1,123,0,2,1508322551),(19,25,'长裙','优衣库','                    透透的',123.00,'1508322600.2677412.jpg',1,1000,0,4,1508322600),(20,25,'小睡裙','耐克','                    超薄',46.00,'1508322656.0071986.jpg',1,100,0,8,1508322656),(21,20,'外星人笔记本','美利坚','                    打游戏,刷刷的',9998.00,'1508322708.804395.jpg',1,1000,0,1,1508322708),(22,22,'vivo手机','vivo','                前置2000万柔光双摄    ',1998.00,'1508322803.534887.jpg',1,1000,0,0,1508322803),(23,22,'朵唯','东莞生产','                    女性手机',998.00,'1508322960.2389653.jpg',1,100,0,13,1508322960),(24,26,'baby','特步','                 小可爱   ',65.00,'1508323002.0475955.jpg',1,200,0,14,1508323002),(25,20,'戴尔','戴尔','                    1232',3992.00,'1508323147.459452.jpg',1,12,0,7,1508323147),(26,26,'猫服装','阿狸','                    lol阿狸cos',123.00,'1508323418.0066977.jpg',1,456,0,0,1508323418),(27,23,'森马','森马','                 老男人服装   ',96.00,'1508323487.7505229.jpg',1,5465,0,0,1508323487),(28,23,'小鲜肉','棒子','               便宜     ',15.00,'1508323547.0850353.jpg',1,100,0,0,1508323547),(29,25,'红蜻蜓','莆田老字号','                   性感唯美',321.00,'1508323669.9992597.jpg',1,123,0,4,1508323670),(30,25,'橘子','橘子','        少女装            ',26.00,'1508323707.1590881.jpg',1,62,0,3,1508323707),(31,29,'123','465','                    ',97.00,'1508707059.6239014.jpg',1,63,0,2,1508707059);

/*Table structure for table `orders` */

DROP TABLE IF EXISTS `orders`;

CREATE TABLE `orders` (
  `id` int(11) NOT NULL AUTO_INCREMENT,
  `uid` int(11) DEFAULT NULL,
  `linkman` varchar(32) DEFAULT NULL,
  `address` varchar(255) DEFAULT NULL,
  `code` char(6) DEFAULT NULL,
  `phone` varchar(16) DEFAULT NULL,
  `addtime` int(11) DEFAULT NULL,
  `total` double(8,2) DEFAULT NULL,
  `atatus` int(4) DEFAULT '0',
  PRIMARY KEY (`id`)
) ENGINE=InnoDB AUTO_INCREMENT=281 DEFAULT CHARSET=utf8;

/*Data for the table `orders` */

insert  into `orders`(`id`,`uid`,`linkman`,`address`,`code`,`phone`,`addtime`,`total`,`atatus`) values (137,5,'wsy','回龙观','351111','15624986543',1508637341,2042.00,0),(138,5,'wsy','回龙观','351111','15624986543',1508637371,2042.00,0),(139,5,'wsy','回龙观','351111','15624986543',1508637406,2042.00,0),(140,5,'wsy','回龙观','351111','15624986543',1508637411,2042.00,0),(141,5,'wsy','回龙观','351111','15624986543',1508637412,2042.00,0),(142,5,'wsy','回龙观','351111','15624986543',1508637465,2042.00,0),(143,5,'wsy','回龙观','351111','15624986543',1508637509,2566.00,0),(144,5,'wsy','回龙观','351111','15624986543',1508637509,2566.00,0),(145,5,'wsy','回龙观','351111','15624986543',1508637713,2566.00,0),(146,5,'wsy','回龙观','351111','15624986543',1508637739,2566.00,0),(147,5,'wsy','回龙观','351111','15624986543',1508637844,1230.00,0),(148,5,'wsy','回龙观','351111','15624986543',1508637844,1230.00,0),(149,5,'wsy','回龙观','351111','15624986543',1508637963,2566.00,0),(150,5,'wsy','回龙观','351111','15624986543',1508637963,2566.00,0),(151,5,'wsy','回龙观','351111','15624986543',1508637965,2566.00,0),(152,5,'wsy','回龙观','351111','15624986543',1508638022,2566.00,0),(153,5,'wsy','回龙观','351111','15624986543',1508638023,2566.00,0),(154,5,'wsy','回龙观','351111','15624986543',1508638111,2566.00,0),(155,5,'wsy','回龙观','351111','15624986543',1508638111,2566.00,0),(156,5,'wsy','回龙观','351111','15624986543',1508638111,2566.00,0),(157,5,'wsy','回龙观','351111','15624986543',1508638111,2566.00,0),(158,5,'wsy','回龙观','351111','15624986543',1508638111,2566.00,0),(159,5,'wsy','回龙观','351111','15624986543',1508638111,2566.00,0),(160,5,'wsy','回龙观','351111','15624986543',1508638111,2566.00,0),(161,5,'wsy','回龙观','351111','15624986543',1508638111,2566.00,0),(162,5,'wsy','回龙观','351111','15624986543',1508638111,2566.00,0),(163,5,'wsy','回龙观','351111','15624986543',1508638111,2566.00,0),(164,5,'wsy','回龙观','351111','15624986543',1508638112,2566.00,0),(165,5,'wsy','回龙观','351111','15624986543',1508638112,2566.00,0),(166,5,'wsy','回龙观','351111','15624986543',1508638112,2566.00,0),(167,5,'wsy','回龙观','351111','15624986543',1508638112,2566.00,0),(168,5,'wsy','回龙观','351111','15624986543',1508638112,2566.00,0),(169,5,'wsy','回龙观','351111','15624986543',1508638112,2566.00,0),(170,5,'wsy','回龙观','351111','15624986543',1508638112,2566.00,0),(171,5,'wsy','回龙观','351111','15624986543',1508638112,2566.00,0),(172,5,'wsy','回龙观','351111','15624986543',1508638112,2566.00,0),(173,5,'wsy','回龙观','351111','15624986543',1508638112,2566.00,0),(174,5,'wsy','回龙观','351111','15624986543',1508638113,2566.00,0),(175,5,'wsy','回龙观','351111','15624986543',1508638113,2566.00,0),(176,5,'wsy','回龙观','351111','15624986543',1508638113,2566.00,0),(177,5,'wsy','回龙观','351111','15624986543',1508638113,2566.00,0),(178,5,'wsy','回龙观','351111','15624986543',1508638113,2566.00,0),(179,5,'wsy','回龙观','351111','15624986543',1508638113,2566.00,0),(180,5,'wsy','回龙观','351111','15624986543',1508638113,2566.00,0),(181,5,'wsy','回龙观','351111','15624986543',1508638113,2566.00,0),(182,5,'wsy','回龙观','351111','15624986543',1508638113,2566.00,0),(183,5,'wsy','回龙观','351111','15624986543',1508638113,2566.00,0),(184,5,'wsy','回龙观','351111','15624986543',1508638113,2566.00,0),(185,5,'wsy','回龙观','351111','15624986543',1508638114,2566.00,0),(186,5,'wsy','回龙观','351111','15624986543',1508638114,2566.00,0),(187,5,'wsy','回龙观','351111','15624986543',1508638114,2566.00,0),(188,5,'wsy','回龙观','351111','15624986543',1508638114,2566.00,0),(189,5,'wsy','回龙观','351111','15624986543',1508638114,2566.00,0),(190,5,'wsy','回龙观','351111','15624986543',1508638114,2566.00,0),(191,5,'wsy','回龙观','351111','15624986543',1508638114,2566.00,0),(192,5,'wsy','回龙观','351111','15624986543',1508638114,2566.00,0),(193,5,'wsy','回龙观','351111','15624986543',1508638114,2566.00,0),(194,5,'wsy','回龙观','351111','15624986543',1508638114,2566.00,0),(195,5,'wsy','回龙观','351111','15624986543',1508638115,2566.00,0),(196,5,'wsy','回龙观','351111','15624986543',1508638257,2566.00,0),(197,5,'wsy','回龙观','351111','15624986543',1508638257,2566.00,0),(198,5,'wsy','回龙观','351111','15624986543',1508638257,2566.00,0),(199,5,'wsy','回龙观','351111','15624986543',1508638257,2566.00,0),(200,5,'wsy','回龙观','351111','15624986543',1508638257,2566.00,0),(201,5,'wsy','回龙观','351111','15624986543',1508638257,2566.00,0),(202,5,'wsy','回龙观','351111','15624986543',1508638257,2566.00,0),(203,5,'wsy','回龙观','351111','15624986543',1508638257,2566.00,0),(204,5,'wsy','回龙观','351111','15624986543',1508638258,2566.00,0),(205,5,'wsy','回龙观','351111','15624986543',1508638258,2566.00,0),(206,5,'wsy','回龙观','351111','15624986543',1508638258,2566.00,0),(207,5,'wsy','回龙观','351111','15624986543',1508638258,2566.00,0),(208,5,'wsy','回龙观','351111','15624986543',1508638258,2566.00,0),(209,5,'wsy','回龙观','351111','15624986543',1508638258,2566.00,0),(210,5,'wsy','回龙观','351111','15624986543',1508638258,2566.00,0),(211,5,'wsy','回龙观','351111','15624986543',1508638258,2566.00,0),(212,5,'wsy','回龙观','351111','15624986543',1508638258,2566.00,0),(213,5,'wsy','回龙观','351111','15624986543',1508638258,2566.00,0),(214,5,'wsy','回龙观','351111','15624986543',1508638258,2566.00,0),(215,5,'wsy','回龙观','351111','15624986543',1508638258,2566.00,0),(216,5,'wsy','回龙观','351111','15624986543',1508638258,2566.00,0),(217,5,'wsy','回龙观','351111','15624986543',1508638259,2566.00,0),(218,5,'wsy','回龙观','351111','15624986543',1508638259,2566.00,0),(219,5,'wsy','回龙观','351111','15624986543',1508638259,2566.00,0),(220,5,'wsy','回龙观','351111','15624986543',1508638259,2566.00,0),(221,5,'wsy','回龙观','351111','15624986543',1508638259,2566.00,0),(222,5,'wsy','回龙观','351111','15624986543',1508638259,2566.00,0),(223,5,'wsy','回龙观','351111','15624986543',1508638259,2566.00,0),(224,5,'wsy','回龙观','351111','15624986543',1508638259,2566.00,0),(225,5,'wsy','回龙观','351111','15624986543',1508638259,2566.00,0),(226,5,'wsy','回龙观','351111','15624986543',1508638259,2566.00,0),(227,5,'wsy','回龙观','351111','15624986543',1508638259,2566.00,0),(228,5,'wsy','回龙观','351111','15624986543',1508638259,2566.00,0),(229,5,'wsy','回龙观','351111','15624986543',1508638259,2566.00,0),(230,5,'wsy','回龙观','351111','15624986543',1508638260,2566.00,0),(231,5,'wsy','回龙观','351111','15624986543',1508638260,2566.00,0),(232,5,'wsy','回龙观','351111','15624986543',1508638260,2566.00,0),(233,5,'wsy','回龙观','351111','15624986543',1508638260,2566.00,0),(234,5,'wsy','回龙观','351111','15624986543',1508638260,2566.00,0),(235,5,'wsy','回龙观','351111','15624986543',1508638260,2566.00,0),(236,5,'wsy','回龙观','351111','15624986543',1508638260,2566.00,0),(237,5,'wsy','回龙观','351111','15624986543',1508638260,2566.00,0),(238,5,'wsy','回龙观','351111','15624986543',1508638265,2566.00,0),(239,5,'wsy','回龙观','351111','15624986543',1508638265,2566.00,0),(240,5,'wsy','回龙观','351111','15624986543',1508638265,2566.00,0),(241,5,'wsy','回龙观','351111','15624986543',1508638265,2566.00,0),(242,5,'wsy','回龙观','351111','15624986543',1508638265,2566.00,0),(243,5,'wsy','回龙观','351111','15624986543',1508638266,2566.00,0),(244,5,'wsy','回龙观','351111','15624986543',1508638266,2566.00,0),(245,5,'wsy','回龙观','351111','15624986543',1508638266,2566.00,0),(246,5,'wsy','回龙观','351111','15624986543',1508638266,2566.00,0),(247,5,'wsy','回龙观','351111','15624986543',1508638266,2566.00,0),(248,5,'wsy','回龙观','351111','15624986543',1508638266,2566.00,0),(249,5,'wsy','回龙观','351111','15624986543',1508638266,2566.00,0),(250,5,'wsy','回龙观','351111','15624986543',1508638267,2566.00,0),(251,5,'wsy','回龙观','351111','15624986543',1508638267,2566.00,0),(252,5,'wsy','回龙观','351111','15624986543',1508638267,2566.00,0),(253,5,'wsy','回龙观','351111','15624986543',1508638267,2566.00,0),(254,5,'wsy','回龙观','351111','15624986543',1508638267,2566.00,0),(255,5,'wsy','回龙观','351111','15624986543',1508638267,2566.00,0),(256,5,'wsy','回龙观','351111','15624986543',1508638267,2566.00,0),(257,5,'wsy','回龙观','351111','15624986543',1508638267,2566.00,0),(258,5,'wsy','回龙观','351111','15624986543',1508638267,2566.00,0),(259,5,'wsy','回龙观','351111','15624986543',1508638313,2566.00,0),(260,5,'wsy','回龙观','351111','15624986543',1508638397,998.00,0),(261,5,'wsy','回龙观','351111','15624986543',1508638446,7984.00,0),(262,5,'wsy','回龙观','351111','15624986543',1508638469,46.00,0),(263,5,'wsy','回龙观','351111','15624986543',1508639173,46.00,0),(264,5,'wsy','回龙观','351111','15624986543',1508639646,1230.00,0),(265,5,'wsy','回龙观','351111','15624986543',1508639941,13990.00,0),(266,5,'wsy','回龙观','351111','15624986543',1508643997,175.00,0),(267,5,'wsy','回龙观','351111','15624986543',1508646369,1230.00,0),(268,5,'wsy','回龙观','351111','15624986543',1508650759,998.00,0),(269,5,'wsy','回龙观','351111','15624986543',1508665627,1276.00,0),(270,5,'wsy','回龙观','351111','15624986543',1508689014,2460.00,0),(271,5,'wsy','回龙观','351111','15624986543',1508689055,2460.00,0),(272,5,'wsy','回龙观','351111','15624986543',1508689168,2566.00,0),(273,5,'wsy','回龙观','351111','15624986543',1508702536,11976.00,0),(274,5,'wsy','回龙观','351111','15624986543',1508702575,46.00,0),(275,5,'wsy','回龙观','351111','15624986543',1508702774,46.00,0),(276,5,'wsy','回龙观','351111','15624986543',1508702789,3992.00,0),(277,5,'wsy','回龙观','351111','15624986543',1508706752,65.00,0),(278,5,'wsy','回龙观','351111','15624986543',1508707106,97.00,0),(279,5,'wsy','回龙观','351111','15624986543',1508707983,97.00,0),(280,5,'wsy','回龙观','351111','15624986543',1508708024,1024.00,0);

/*Table structure for table `type` */

DROP TABLE IF EXISTS `type`;

CREATE TABLE `type` (
  `id` int(11) NOT NULL AUTO_INCREMENT,
  `name` varchar(32) DEFAULT NULL,
  `pid` int(11) DEFAULT '0',
  `path` varchar(255) DEFAULT NULL,
  PRIMARY KEY (`id`)
) ENGINE=InnoDB AUTO_INCREMENT=30 DEFAULT CHARSET=utf8;

/*Data for the table `type` */

insert  into `type`(`id`,`name`,`pid`,`path`) values (18,'数码',0,'0,'),(19,'服装',0,'0,'),(20,'笔记本',18,'0,18,'),(21,'相机',18,'0,18,'),(22,'手机',18,'0,18,'),(23,'男装',19,'0,19,'),(25,'女装',19,'0,19,'),(26,'童装',19,'0,19,'),(27,'游戏',20,'20'),(28,'132',0,'0,'),(29,'123',28,'0,28,');

/*Table structure for table `users` */

DROP TABLE IF EXISTS `users`;

CREATE TABLE `users` (
  `id` int(11) NOT NULL AUTO_INCREMENT COMMENT '用户id',
  `username` varchar(32) DEFAULT NULL COMMENT '账号',
  `name` varchar(16) DEFAULT NULL COMMENT '真实姓名',
  `password` char(32) NOT NULL COMMENT '密码',
  `sex` tinyint(1) DEFAULT NULL COMMENT '性别',
  `address` varchar(255) DEFAULT NULL COMMENT '地址',
  `code` char(6) DEFAULT NULL COMMENT '邮编',
  `phone` varchar(16) DEFAULT NULL COMMENT '电话',
  `email` varchar(50) NOT NULL COMMENT 'email',
  `state` tinyint(1) DEFAULT '1' COMMENT '状态',
  `addtime` int(11) DEFAULT NULL COMMENT '注册时间',
  PRIMARY KEY (`id`),
  UNIQUE KEY `NewIndex1` (`username`)
) ENGINE=InnoDB AUTO_INCREMENT=8 DEFAULT CHARSET=utf8;

/*Data for the table `users` */

insert  into `users`(`id`,`username`,`name`,`password`,`sex`,`address`,`code`,`phone`,`email`,`state`,`addtime`) values (5,'root','wsy','e10adc3949ba59abbe56e057f20f883e',1,'回龙观','351111','15624986543','1948870933@qq.com',0,1508356113);

/*!40101 SET SQL_MODE=@OLD_SQL_MODE */;
/*!40014 SET FOREIGN_KEY_CHECKS=@OLD_FOREIGN_KEY_CHECKS */;
